{"0.2603225172270205":{"user_id":1},"0.07488436845790658":{"user_id":1},"0.3090082985871665":{"user_id":1}}